codigo,periodo,tipo,disciplina,creditos,horas,reqs,corr,ordem,trilhas
1301123,-,---,ADMINISTRAÇÃO E EMPREENDEDORISMO,4,60
1302123,-,---,COMPUTAÇÃO E MÚSICA,4,60
1305218,-,---,METODOLOGIA CIENTÍFICA,4,60
1411182,-,---,LABORATÓRIO DE ORGANIZAÇÃO E ARQUITETURA DE COMPUTADORES,4,60
1411209,-,---,INTERFACE HOMEM-MÁQUINA,4,60
1411302,-,---,TEEC (PROGRAMAÇÃO FUNCIONAL),4,60
1411305,-,---,ESTRUTURA DE DADOS,4,60
1411306,-,---,LABORATÓRIO DE ESTRUTURA DE DADOS,4,60
1411326,-,---,DESENVOLVIMENTO DE APLICAÇÕES CORPORATIVAS AVANÇADAS,4,60
1411329,-,---,EMPREENDEDORISMO EM SOFTWARE,4,60
1411335,-,---,PRINCÍPIOS DE DESENVOLVIMENTO WEB,4,60
1411344,-,---,VISÃO COMPUTACIONAL,4,60
1411350,-,---,TECC (GESTÃO DE PROJETOS),4,60
1411351,-,---,TECC (CIÊNCIA DE DADOS DESCRITIVA),4,60
1411352,-,---,TECC (PERCEPÇÃO COMPUTACIONAL),4,60
1411355,-,---,TECC (VISUALIZAÇÃO DE DADOS),4,60
1411356,-,---,TECC (CIÊNCIA DE DADOS PREDITIVA),4,60
1411357,-,---,TECC (GOVERNANÇA DA INTERNET),4,60
1411358,-,---,TECC (PROCESSAMENTO DE LINGUAGEM NATURAL),4,60
1411359,-,---,TECC (JOGOS DIGITAIS),4,60
1411360,-,---,TECC (PROGRAMAÇÃO PARA WEB),4,60
1411361,-,---,TECC (TRANSFORMAÇÃO DIGITAL),4,60
1411362,-,---,TECC (HABILIDADES SOCIOEMOCIONAIS I),2,30
1411363,-,---,TECC (HABILIDADES SOCIOEMOCIONAIS II),2,30
1411382,8,cmp,ATIVIDADES COMPLEMENTARES FLEXIVEIS,8,120,,,43
1411318,9,cmp,TRABALHO DE CONCLUSÃO DE CURSO,4,60,1411383 1307169,,48
1411384,9,cmp,ATIVIDADES COMPLEMENTARES DE EXTENSAO,22,330,,,49
1411167,1,obr,PROGRAMAÇAO I,4,60,,,1
1411180,1,obr,LABORATORIO DE PROGRAMAÇAO I,4,60,,,2
1411311,1,obr,FUND DE MATEMATICA P/ C.DA COMPUTAÇAO,4,60,,,3
1411174,1,obr,INTRODUÇAO A COMPUTAÇAO,4,60,,,4
1305219,1,obr,DIREITO E CIDADANIA,4,60,,,5
1411168,2,obr,PROGRAMAÇAO II,4,60,1411167 1411180,,6
1411181,2,obr,LABORATORIO DE PROGRAMAÇAO II,4,60,1411167 1411180,,7
1411312,2,obr,FUND DE MATEMATICA P/ C.DA COMPUTAÇAO II,4,60,1411311,,8
1109126,2,obr,CALCULO DIFERENCIAL E INTEGRAL I,4,60,1411311,,9
1303021,2,obr,ECONOMIA,4,60,,,10
1411172,3,obr,ESTRUTURAS DE DADOS E ALGORITMOS,4,60,1411168 1411181,,11
1411179,3,obr,LAB.DE ESTRUTURAS DE DADOS E ALGORITMOS,4,60,1411168 1411181,,12
1109131,3,obr,CALCULO DIFERENCIAL E INTEGRAL II,4,60,1109126,,13
1411307,3,obr,LOGICA PARA COMPUTAÇAO,4,60,1411312,,14
1109049,3,obr,ALGEBRA LINEAR I,4,60,1411312,,15
1411193,4,obr,BANCO DE DADOS I,4,60,1411172 1411179,,16
1411310,4,obr,ORGANIZAÇAO E ARQUIT. DE COMPUTADORES,4,60,1411172 1411179 1411307,,17
1114129,4,obr,INTRODUCAO A PROBABILIDADE,4,60,1109131,,18
1411304,4,obr,TEORIA DOS GRAFOS,4,60,1411311 1411172 1411179,,19
1411171,4,obr,TEORIA DA COMPUTAÇAO,4,60,1411307,,20
1411309,4,obr,PARADIGMAS DE LINGUAGEM DE PROGRAMAÇAO,4,60,1411168 1411181 1411307,,21
1411308,5,obr,PROJETO DE SOFTWARE,4,60,1411193,1411309,22
1411314,5,obr,ENGENHARIA DE SOFTWARE,4,60,1411193,,23
1411192,5,obr,SISTEMAS OPERACIONAIS,4,60,1411310,,24
1411190,5,obr,REDES DE COMPUTADORES,4,60,1411310 1411304,,25
1114222,5,obr,ESTATISTICA APLICADA,4,60,1114129,,26
1411316,5,obr,INTELIGENCIA ARTIFICIAL,4,60,1411171 1109049,,27
1411313,6,obr,ANALISE DE SISTEMAS,4,60,1411308 1411314,,28
1411187,6,obr,ANALISE E TECNICA DE ALGORITMOS,4,60,1411172 1411304,,29
1411315,6,obr,PROGRAMAÇAO CONCORRENTE,4,60,1411192,,30
1411189,7,obr,COMPILADORES,4,60,1411309 1411171,,33
1411383,7,obr,METODOLOGIA CIENTIFICA,4,60,1114222,,34
1411185,8,obr,PROJETO EM COMPUTAÇAO I,4,60,1411314 1411313,,38
1307169,8,obr,LINGUA PORTUGUESA,4,60,,,39
1411348,9,obr,PROJETO EM COMPUTAÇAO II,4,60,1411185,,44
0000001,6,opt,Optativa 1,4,60,,,31
0000002,6,opt,Optativa 2,4,60,,,32
0000003,7,opt,Optativa 3,4,60,,,35
0000004,7,opt,Optativa 4,4,60,,,36
0000005,7,opt,Optativa 5,4,60,,,37
0000006,8,opt,Optativa 6,4,60,,,40
0000007,8,opt,Optativa 7,4,60,,,41
0000008,8,opt,Optativa 8,4,60,,,42
0000011,9,opt,Optativa 11,4,60,,,47
0000009,9,opt,Optativa 9,4,60,,,45
0000010,9,opt,Optativa 10,4,60,,,46
1307150,-,opt,INGLES,4,60
1307332,-,opt,LIBRAS,4,60
1411188,-,opt,METODOS E SOFTWARE NUMERICOS,4,60,1109049 1109131
1411194,-,opt,BANCO DE DADOS Il,4,60,1411193,,,ia
1411197,-,opt,AVAL.DE DESEMPENHO DE SISTEMAS DISCRETOS,4,60,1114129,,,infra
1411198,-,opt,ADM.DE SIST.GERENC.DE BANCO DE DADOS,4,60,1411193,,,infra
1411200,-,opt,COMPUTAÇAO GRAFICA,4,60,1109126 1109049 1411172
1411213,-,opt,OTIMIZACAO,4,60,1109049 1109131
1411217,-,opt,PROJETO DE REDES DE COMPUTADORES,4,60,1411331,,,infra
1411221,-,opt,SISTEMAS DE INFORMAGOES GEOGRAFICAS,4,60,1411193,,,ia
1411222,-,opt,SISTEMAS DISTRIBUIDOS,4,60,1411190 1411192,,,infra
1411320,-,opt,ADMINISTRAÇAO DE SISTEMAS,4,60,1411190 1411192,,,infra
1411321,-,opt,ALGORITMOS AVANCADOS I,4,60,1411167 1411180
1411322,-,opt,ALGORITMOS AVANCADOS II,4,60,1411167 1411180
1411323,-,opt,ALGORITMOS AVANCADOS III,4,60,1411167 1411180
1411324,-,opt,ALGORITMOS AVANCADOS IV,4,60,1411167 1411180
1411325,-,opt,ARQUITETURA DE SOFTWARE,4,60,1411308
1411327,-,opt,DESENVOLVIMENTO DE SOFTWARE INTEGRADO À OPERAÇÃO DA INFRAESTRUTURA,4,60,1411193 1411308,,,infra es
1411328,-,opt,ECONOMIA DE TECNOLOGIA DA INFORMAÇAO,4,60,1114129,,,gestao
1411330,-,opt,GERENCIA DE REDES,4,60,1411190,,,infra
1411331,-,opt,INTERCONEXAO DE REDES DE COMPUTADORES,4,60,1411190 1411192,,,infra
1411332,-,opt,METODOS FORMAIS,4,60,,,,es
1411333,-,opt,PRÁTICA DE ENSINO DE COMPUTAÇÃO I,2,30
1411334,-,opt,PRÁTICA DE ENSINO DE COMPUTAÇÃO II,2,30,1411333
1411336,-,opt,PROGRAMACAO EM BANCO DE DADOS,4,60,1411193,,,ia
1411337,-,opt,PROVISIONAMENTO E OPERAÇÃO DE INFRAESTRUTURAS,4,60,1411190 1411192,,,infra
1411338,-,opt,RECONHECIMENTO DE PADRÕES E REDES NEURAIS,4,60,1114222 1411316,,,ia
1411339,-,opt,RECUP. DE INFORMAÇAO E BUSCA NA WEB,4,60,1411193,,,ia
1411340,-,opt,SEGURANCA DE SISTEMAS,4,60,1411190 1411192,,,infra
1411342,-,opt,SISTEMAS DE APOIO A DECISAO,4,60,1411193,,,ia
1411343,-,opt,VERIFICACAO E VALIDAÇAO DE SOFTWARE,4,60,1411314,,,es
1411345,-,opt,INFORMATICA E SOCIEDADE,4,60,,,,gestao
1411364,-,opt,CIENCIA DE DADOS DESCRITIVA,4,60,1114222,,,ia
1411365,-,opt,CIENCIA DE DADOS PREDITIVA,4,60,1114222,,,ia
1411366,-,opt,COMPUTAÇAO E MUSICA,4,60,1411172
1411367,-,opt,EMPREENDEDORISMO E INOVACAO,4,60,1411314,,,gestao
1411368,-,opt,GESTAO DE PROJETOS,4,60,1411314,,,gestao
1411369,-,opt,GOVERNANCA DA INTERNET,4,60,1411190,,,gestao
1411370,-,opt,HABILIDADES SOCIOEMOCIONAIS,2,30,,,,gestao
1411371,-,opt,HABILIDADES SOCIOEMOCIONAIS II,2,30,,,,gestao
1411372,-,opt,INTERFACE HUMANO-COMPUTADOR,4,60,1411314,,,es
1411373,-,opt,JOGOS DIGITAIS,4,60,,,,es
1411374,-,opt,PERCEPÇAO COMPUTACIONAL,4,60,1109049 1109131 1114129,,,ia
1411375,-,opt,PROCESSAMENTO DE LINGUAGEM NATURAL,4,60,1411312 1411172 1411179,,,ia
1411376,-,opt,PROGRAMAÇAO FUNCIONAL,4,60,1411309,,,es
1411377,-,opt,PROGRAMAÇAO PARA A WEB I,4,60,1411172 1411179,,,es
1411378,-,opt,PROGRAMAÇAO PARA A WEB II,4,60,1411377,,,es
1411379,-,opt,PROJETO DE SISTEMAS DIGITAIS,4,60,1411310,,,infra
1411380,-,opt,TRANSFORMACAO DIGITAL,4,60
1411381,-,opt,VISUALIZAÇAO DE DADOS,4,60,1411193 1114222,,,ia
1411385,-,opt,TECC(APRENDIZAGEM DE MÁQUINA),4,60,1109049 1114222 1411172,,,ia
1411386,-,opt,TECC (APRENDIZAGEM PROFUNDA),4,60,1114222 1411316,,,ia
1411387,-,opt,TECC(MODELOS DE LINGUAGEM DE GRANDE ESCALA),4,60,1109049 1114222 1411172 1411316,,,ia
1411388,-,opt,TECC (APLICAÇÕES E TECNOLOGIAS DE REGISTRO DISTRIBUÍDO),4,60,1411193 1114222 1411190,,,infra
1411390,-,opt,MÉTODOS QUANTITATIVOS E EXPERIMENTAÇÃO,4,60,1411383,,,pos
1411391,-,opt,REPRODUTIBILIDADE DE PESQUISA EM COMPUTAÇÃO,4,60,1411383,,,pos
1411389,-,opt,"INTELIGÊNCIA ARTIFICIAL GENERATIVA: FUNDAMENTOS, FERRAMENTAS E APLICAÇÕES",4,60
1411393,-,opt,DESENVOLVIMENTO DE SOFTWARE COM AGENTES E IA GENERATIVA,4,60,1411314 1411316
1411392,-,opt,PROJETO DE SISTEMAS OPERACIONAIS,4,60,1411192
1411394,-,opt,INTERCONEXAO DE REDES DE COMPUTADORES,4,60,1411190 1411192
